[
{"comment": [" 2 Comments", " 0 Comments", " 0 Comments", " 0 Comments", " 0 Comments", " 0 Comments", " 0 Comments", " 0 Comments", " 1 Comments", " 1 Comments", " 2 Comments"], "like": [" 8 Times", " 0 Times", " 9 Times", " 0 Times", " 2 Times", " 3 Times", " 3 Times", " 0 Times", " 0 Times", " 1 Times", " 0 Times"], "title": ["[置顶]scrapy爬虫教程导航", "[深度学习]Tensorflow破解验证码", "[可视化抓取]portia2.0尝鲜体验以及自动化畅想[1]", "[crontab]linux下简单的调度配置及使用", "scrapy下的一些常见错误处理", "大鱼的鱼塘更新了", "关于爬虫的架构，经验，以及分享", "scrapy经验分享-同一项目不同的spider启用不同的配置", "[scrapy]scrapy源码分析–中间件是如何加载的", "[scrapy]scrapy源码分析--数据是如何处理的", "[爬虫资源]各大爬虫资源大汇总,做我们自己的awesome系列"], "views": [" 15,967 Views", " 335 Views", " 957 Views", " 278 Views", " 850 Views", " 377 Views", " 931 Views", " 1,006 Views", " 1,166 Views", " 1,069 Views", " 1,400 Views"], "content": ["教程导航 (1)分布式下的爬虫Scrapy应该如何做-安装 (2)分布式下的爬虫Scrapy应该如何做-关于对Scrapy的反思和核心对象的介绍 (3)分布式下的爬虫Scrapy应该如何做-递归爬取方式，数据输出方式以及…", "缘起 登录 IP 验证码 在爬虫的世界里面，大家一定会经常遇到以上的这些问题，我们除了甩锅给第三方打码平台，IP提供商，copy cookie这样的方式方案，大家可以自己尝试自己解决，多去思考一些原理，本次就将爬虫中遇到…", "缘起 最近一直在思考如何更改智能化抓取的事情，每当来了一个新的task，都要自己手动分析，手动写xpath ，然后写正则，各种测试，各种部署，其实说来，这些事情的重复度很高，那我们能不能把一些重复性的动作抽象出来，做成一…", "介绍 虽然在几篇博客之前介绍了Dagobah这个调度框架，不过对于一些固定调度，很稳定的那种，可以考虑使用linux内置调度器，crontab ,这是系统内置的，相当稳定 ，不用人工干预 优点 可以实现不同的用户调度不同…", "常见的一些小错误分类处理 内部错误 逻辑错误 其它错误 内部错误 TypeError 表现形式:TypeError: ‘float’ object is not iterable 相关搜索:htt…", "过程 hi，各位，大鱼的鱼塘在昨天更新了一个新的主题，在这之前，一直在折腾各种静态博客，一开始想玩玩hexo，然后各种封装在docker下，各种编译，通过编译之后，又要将数据导入到hexo，各种出错，索性就不折腾了。之前…", "要点包含 架构 个人 分享 架构 如何设计一个复杂的分布式爬虫系统 DCOS应用案例（一）：登陆爬虫——微服务架构典型 社会化海量数据采集爬虫架构构建 总结 2016,我对爬虫的总结 使用python，scrapy写（定…", "在群里经常被问到如何解决同一个爬虫启用不同的piepline的问题，一般的解决通过参数的不同解决这个 [crayon-59036db4eef68560139120/] 代码中有两个重要的参数item,还有一个spider…", "中间件是scrapy的核心部分，数据的传递，队列的维护，都是靠中间件，所以了解他的生命周期还是很有必要的   https://github.com/scrapy/scrapy/blob/master/scrap…", "下载中间件(Download MiddleWare)是如何加载的 Spider MiddleWare是如何加载的 配置文件是如何起作用的 整体的执行流程是怎样的 扩展件是如何工作的 数据是怎么处理的 我们之前经常会写yi…", "大数据的流行一定程序导致的爬虫的流行，有些企业和公司本身不生产数据，那就只能从网上爬取数据，笔者关注相关的内容有一定的时间，也写过很多关于爬虫的系列，现在收集好的框架希望能为对爬虫有兴趣的人，或者想更进一步的研究的人提供…"], "date": [" 2016-05-22", " 2017-04-18", " 2017-03-10", " 2017-03-06", " 2017-03-02", " 2017-03-01", " 2017-02-07", " 2016-12-29", " 2016-11-16", " 2016-11-14", " 2016-10-11"]}
]